VertexFrom,VertexTo,TimeStart,TimeStop
GBGW,WBYG,1093,1094
GBGW,WBYG,1104,1105
GBGW,WBYG,1121,1122
GBGW,WBYG,1161,1162
GBGW,____pale,1214,1215
GBGW,____pale,1232,1233
GBGW,____pale,1247,1248
GBGW,WBYG,1294,1295
GBGW,GR_Y2,1329,1330
GBGW,YGWW,1415,1416
WBYG,YGWY,153,154
WBYG,YGWY,175,176
WBYG,YGWY,950,951
WBYG,W___,1008,1009
WBYG,W___,1028,1029
WBYG,GBGW,1090,1091
WBYG,GBGW,1103,1104
WBYG,YGWY,1127,1128
WBYG,YYWR,1141,1142
WBYG,GBGW,1160,1161
WBYG,GBGW,1170,1171
WBYG,____pale,1238,1239
WBYG,____pale,1267,1268
WBYG,____pale,1310,1311
WBYG,YYWR,1320,1321
WBYG,____pale,1357,1358
WBYG,YGWW,1408,1409
____bot,____corner,875,876
____bot,_WYG,1051,1052
____bot,GGRY,1111,1112
____bot,GGRY,1164,1165
____bot,____pale,1290,1291
____bot,____pale,1300,1301
____bot,____pale,1359,1360
____bot,YYWR,1438,1439
YYWR,____bot,278,279
YYWR,____bot,1048,1049
YYWR,____bot,1065,1066
YYWR,W___,1080,1081
YYWR,WBYG,1084,1085
YYWR,GGWY,1118,1119
YYWR,WBYG,1140,1141
YYWR,GGRY,1238,1239
YYWR,____pale,1245,1246
YYWR,GGRY,1265,1266
YYWR,W___,1288,1289
YYWR,____bot,1425,1426
YYWR,GRBR,1435,1436
YGWY,WBYG,182,183
YGWY,WBYG,1066,1067
YGWY,W___,1112,1113
YGWY,GGRY,1234,1235
YGWY,GGRY,1264,1265
YGWY,YYWR,1318,1319
YGWY,GR_Y2,1435,1436
YGWY,GR_Y2,1438,1439
W___,WR__,994,995
W___,GGRY,1005,1006
W___,YGWY,1048,1049
W___,WR__,1115,1116
W___,GGRY,1146,1147
W___,____brood,1235,1236
W___,GRBR,1299,1300
W___,GRBR,1310,1311
WR__,GG_W,980,981
WR__,GG_W,1037,1038
WR__,GGWY,1099,1100
WR__,____pale,1151,1152
WR__,_WYW,1160,1161
WR__,____pale,1163,1164
WR__,____pale,1170,1171
WR__,GR_Y2,1209,1210
WR__,GGWW,1273,1274
WR__,Q,1288,1289
WR__,GG_W,1298,1299
WR__,Q,1305,1306
WR__,GG_W,1312,1313
WR__,YYGG,1352,1353
WR__,____brood,1375,1376
GGRY,W___,994,995
GGRY,GG_W,1000,1001
GGRY,GG_W,1002,1003
GGRY,W___,1004,1005
GGRY,GGWY,1018,1019
GGRY,YYGG,1047,1048
GGRY,_WYG,1099,1100
GGRY,GGWY,1105,1106
GGRY,W___,1120,1121
GGRY,YGWY,1168,1169
GGRY,____brood,1212,1213
GGRY,WBYG,1216,1217
GGRY,YGWY,1234,1235
GGRY,YYWR,1260,1261
GGRY,YGWY,1263,1264
GGRY,____bot,1277,1278
GGRY,YGWW,1288,1289
GGRY,____bot,1295,1296
GGRY,____bot,1303,1304
GGRY,____pale,1306,1307
GGRY,____pale,1332,1333
GBGR,GGWY,1032,1033
GBGR,WR__,1055,1056
GBGR,WR__,1067,1068
GBGR,GGWY,1088,1089
GBGR,W___,1120,1121
GBGR,____brood,1158,1159
GBGR,____pale,1188,1189
GBGR,YYRB,1238,1239
GBGR,YWW_,1424,1425
GBGR,WBGG,1426,1427
YYRB,WRRY,527,528
YYRB,WRRY,568,569
YYRB,GWRG,688,689
YYRB,____corner,888,889
YYRB,GGWY,1055,1056
YYRB,GGW_,1114,1115
YYRB,GGW_,1123,1124
YYRB,____pale,1184,1185
YYRB,GBGR,1255,1256
YYRB,GR_Y2,1374,1375
YYRB,GR_Y2,1404,1405
YYRB,GR_Y2,1414,1415
YYRB,GR_Y2,1429,1430
YYRB,YGWW,1434,1435
YYY_,YYGG,915,916
YYY_,GY__,996,997
YYY_,GY__,1128,1129
WRRY,YYGG,527,528
WRRY,YYRB,572,573
WRRY,GWRG,593,594
WRRY,GWRG,606,607
WRRY,YWW_,704,705
WRRY,YYGG,732,733
WRRY,YYGG,819,820
WRRY,WR__,833,834
WRRY,YYGG,838,839
WRRY,WR__,844,845
WRRY,GRWG,891,892
WRRY,____pale,953,954
WRRY,____pale,968,969
WRRY,_R__,975,976
WRRY,GRGY,980,981
WRRY,YWW_,992,993
WRRY,_R__,1025,1026
WRRY,Q,1075,1076
WRRY,YWW_,1080,1081
WRRY,YWW_,1100,1101
WRRY,Q,1160,1161
WRRY,_R__,1200,1201
WRRY,GWRG,1220,1221
WRRY,YWW_,1235,1236
WRRY,GR_Y2,1254,1255
WRRY,GG_W,1417,1418
YYGG,GBGR,5,6
YYGG,GGWY,11,12
YYGG,GGWY,35,36
YYGG,WRWR,75,76
YYGG,WRWR,188,189
YYGG,WRWR,207,208
YYGG,GWRG,224,225
YYGG,WRWR,267,268
YYGG,WRRY,408,409
YYGG,WRRY,529,530
YYGG,YWW_,607,608
YYGG,YWW_,668,669
YYGG,WRRY,732,733
YYGG,YGWW,740,741
YYGG,WRRY,744,745
YYGG,YYGGmid,754,755
YYGG,YWW_,760,761
YYGG,YWW_,781,782
YYGG,GWRG,808,809
YYGG,____brood,812,813
YYGG,GRWG,822,823
YYGG,____brood,824,825
YYGG,_R__,828,829
YYGG,GGRR,832,833
YYGG,YWW_,892,893
YYGG,_R__,893,894
YYGG,YYY_,914,915
YYGG,GWRG,924,925
YYGG,GWRG,965,966
YYGG,GGWY,975,976
YYGG,YY__,1007,1008
YYGG,GGRY,1049,1050
YYGG,_WYG,1069,1070
YYGG,GYGG,1077,1078
YYGG,YYGGmid,1112,1113
YYGG,__BB,1120,1121
YYGG,__BB,1125,1126
YYGG,GRYY,1137,1138
YYGG,YYGGmid,1144,1145
YYGG,_Y__,1157,1158
YYGG,GRYY,1175,1176
YYGG,GYGG,1194,1195
YYGG,GYGG,1207,1208
YYGG,_WYG,1208,1209
YYGG,YGWW,1275,1276
YYGG,GGRY,1387,1388
WRWR,YYGG,77,78
WRWR,YWW_,159,160
WRWR,YWW_,172,173
WRWR,YYGG,188,189
WRWR,YYGG,207,208
WRWR,YWW_,225,226
WRWR,GRWG,246,247
WRWR,GRWG,261,262
WRWR,YWW_,267,268
WRWR,GRWG,272,273
WRWR,YWW_,305,306
WRWR,YWW_,407,408
WRWR,GGRR,408,409
WRWR,YWW_,678,679
WRWR,WRBB,696,697
WRWR,YYGG,744,745
WRWR,YYGGmid,811,812
WRWR,WRRY,833,834
WRWR,GGWY,874,875
WRWR,_WWY,895,896
WRWR,_WWY,910,911
WRWR,_WWY,915,916
WRWR,GRGY,994,995
WRWR,____bm,1217,1218
WRWR,____bm,1219,1220
WRWR,GGWW,1274,1275
WRWR,GGRR,1300,1301
WRWR,WG_R,1312,1313
WRWR,GGRR,1317,1318
WRWR,WGGB,1411,1412
GY__,WRRY,140,141
GY__,WRRY,242,243
GY__,WRRY,315,316
GY__,WRRY,566,567
GY__,WRRY,595,596
GY__,GWRG,601,602
GY__,GWRG,750,751
GY__,GWRG,817,818
GY__,GWRG,960,961
GY__,YYY_,998,999
GY__,GWRG,1074,1075
GY__,YYY_,1135,1136
GY__,G___small,1153,1154
GY__,G___small,1282,1283
GY__,_WWY,1364,1365
G___big,G___small,80,81
G___big,G___small,140,141
G___big,G___small,158,159
G___big,_R__,198,199
G___big,YY_W,1027,1028
G___small,YW__,7,8
G___small,YW__,19,20
G___small,G___big,125,126
G___small,G___big,141,142
G___small,_R__,370,371
G___small,G___big,398,399
G___small,YY_W,1024,1025
G___small,GY__,1154,1155
G___small,GY__,1245,1246
G___small,G___big,1275,1276
G___small,GY__,1279,1280
G___small,_WWY,1303,1304
G___small,_WWY,1325,1326
G___small,YYY_,1349,1350
G___small,_WWY,1344,1345
_R__,G___big,199,200
_R__,G___small,369,370
_R__,GWRG,383,384
_R__,GY__,389,390
_R__,GRWG,413,414
_R__,GRWG,415,416
_R__,GRWG,750,751
_R__,GRWG,781,782
_R__,GRWG,807,808
_R__,YWW_,831,832
_R__,GGRR,837,838
_R__,WRRY,872,873
_R__,GRWG,881,882
_R__,_WWY,890,891
_R__,GRWG,903,904
_R__,WRRY,908,909
_R__,YGWW,920,921
_R__,YGWW,938,939
_R__,YW__,966,967
_R__,____pale,976,977
_R__,____corner,979,980
_R__,WGGB,995,996
_R__,____brood,998,999
_R__,_WWY,1031,1032
_R__,WRRY,1067,1068
_R__,_WWY,1097,1098
_R__,GR_Y2,1100,1101
_R__,_WWY,1115,1116
_R__,_WYW,1147,1148
_R__,GR_Y2,1176,1177
_R__,WRRY,1179,1180
_R__,Q,1191,1192
_R__,_WWY,1212,1213
_R__,__W_,1219,1220
_R__,G_GW,1238,1239
_R__,YWW_,1260,1261
_R__,WWBG,1286,1287
_R__,GWRG,1345,1346
_R__,____corner,1435,1436
_R__,__W_,1438,1439
GWRG,GRWG,60,61
GWRG,YYGG,225,226
GWRG,YWW_,570,571
GWRG,GY__,600,601
GWRG,WRRY,607,608
GWRG,YYRB,652,653
GWRG,WRRY,658,659
GWRG,YYRB,688,689
GWRG,YYRB,714,715
GWRG,GRWG,876,877
GWRG,YYGG,925,926
GWRG,GGWY,1048,1049
GWRG,GY__,1074,1075
GWRG,____pale,1178,1179
GWRG,_R__,1181,1182
GWRG,WRRY,1298,1299
GWRG,GG_W,1337,1338
GWRG,YYGGmid,1367,1368
GWRG,YYGGmid,1374,1375
YYYY,GRWG,58,59
YYYY,GWRG,261,262
YYYY,GGRR,414,415
YYYY,_R__,597,598
YYYY,GBGR,1331,1332
____brood,GRWG,10,11
____brood,WRWR,93,94
____brood,GRWG,350,351
____brood,GRWG,375,376
____brood,GRWG,796,797
____brood,YYGG,813,814
____brood,YYGG,825,826
____brood,YYGG,860,861
____brood,G_GW,987,988
____brood,_WWY,1048,1049
____brood,YYYY,1085,1086
____brood,GWRG,1118,1119
____brood,Q,1151,1152
____brood,____pale,1169,1170
____brood,_R__,1190,1191
____brood,GG_W,1210,1211
____brood,W___,1234,1235
____brood,GR_Y2,1301,1302
____brood,GWRG,1369,1370
____brood,_R__,1376,1377
____brood,WBGG,1381,1382
____brood,YGWW,1438,1439
YWW_,GRWG,247,248
YWW_,WRWR,267,268
YWW_,GGRR,277,278
YWW_,WRWR,283,284
YWW_,GGRR,388,389
YWW_,_R__,560,561
YWW_,GWRG,568,569
YWW_,YYGG,590,591
YWW_,YYGG,608,609
YWW_,GGRR,629,630
YWW_,__W_,640,641
YWW_,YYGGmid,648,649
YWW_,WRWR,660,661
YWW_,WRRY,703,704
YWW_,YYGG,709,710
YWW_,GGRR,778,779
YWW_,_R__,834,835
YWW_,WRRY,1081,1082
YWW_,WRRY,1088,1089
YWW_,WRRY,1109,1110
YWW_,_WWY,1157,1158
YWW_,GBGR,1321,1322
YWW_,_R__,1431,1432
WWBG,_RYG,1031,1032
WWBG,GYYY,1050,1051
WWBG,G_GW,1195,1196
WWBG,G_GW,1199,1200
WWBG,GYYY,1236,1237
WWBG,_RYG,1240,1241
WWBG,G_GW,1253,1254
WWBG,_R__,1288,1289
WWBG,G_GW,1297,1298
WWBG,Y__W,1316,1317
WWBG,W___,1350,1351
____topleft,WG_R,12,13
____topleft,GYYY,40,41
____topleft,WRR_,92,93
____topleft,WG_R,140,141
____topleft,__W_,154,155
____topleft,_W__,158,159
____topleft,GR_Y,180,181
____topleft,WG_R,261,262
____topleft,G_GW,291,292
____topleft,YWGW,335,336
____topleft,YGWW,378,379
____topleft,_W__,416,417
____topleft,_W__,1020,1021
____topleft,WG_R,1034,1035
____topleft,Y_WY,1047,1048
____topleft,_WGG,1119,1120
____topleft,Y_WY,1211,1212
____topleft,_WGG,1262,1263
____topleft,WG_R,1281,1282
____topleft,WG_R,1300,1301
____topleft,WG_R,1355,1356
____topleft,WG_R,1378,1379
WG_R,YWGW,3,4
WG_R,____topleft,15,16
WG_R,YWGW,19,20
WG_R,GRWG,32,33
WG_R,GGRR,34,35
WG_R,YYGGmid,38,39
WG_R,G_GW,44,45
WG_R,YGWW,69,70
WG_R,YGWW,103,104
WG_R,Y_WY,212,213
WG_R,YYGGmid,219,220
WG_R,Y_WY,233,234
WG_R,GR_Y,267,268
WG_R,GR_Y,330,331
WG_R,YYGGmid,360,361
WG_R,Y_WY,333,334
WG_R,_W__,372,373
WG_R,__W_,429,430
WG_R,YGWW,437,438
WG_R,Y_WY,508,509
WG_R,WRR_,566,567
WG_R,GR_Y2,607,608
WG_R,Y_WY,618,619
WG_R,_W__,676,677
WG_R,GGRR,693,694
WG_R,Y_WY,824,825
WG_R,GR_Y2,863,864
WG_R,WRBB,870,871
WG_R,Y_WY,890,891
WG_R,YYGGmid,917,918
WG_R,YYGG,990,991
WG_R,Y_WY,1004,1005
WG_R,Y_WY,1088,1089
WG_R,Y_WY,1120,1121
WG_R,____topleft,1163,1164
WG_R,____topleft,1211,1212
WG_R,Y_WY,1227,1228
WG_R,WGGB,1250,1251
WG_R,Y_WY,1265,1266
WG_R,____topleft,1290,1291
WG_R,____topleft,1317,1318
WG_R,____bm,1333,1334
WG_R,____topleft,1375,1376
WG_R,Y_WY,1385,1386
WG_R,GR_Y2,1413,1414
YWGW,GGRR,5,6
YWGW,GGRR,23,24
YWGW,G_GW,27,28
YWGW,G_GW,41,42
YWGW,WG_R,45,46
YWGW,YYGGmid,54,55
YWGW,Y_WY,59,60
YWGW,Y_WY,73,74
YWGW,G_GW,134,135
YWGW,Y_WY,170,171
YWGW,GGRR,190,191
YWGW,GGRR,210,211
YWGW,Y_WY,223,224
YWGW,Y_WY,300,301
YWGW,GR_Y2,340,341
YWGW,W___,440,441
YWGW,_W__,451,452
YWGW,G_GW,458,459
YWGW,_W__,480,481
YWGW,_W__,600,601
YWGW,____corner,1080,1081
G_R_,GRWG,11,12
G_R_,GRWG,28,29
G_R_,____brood,34,35
G_R_,____topleft,41,42
G_R_,____brood,58,59
G_R_,GWRG,82,83
G_R_,GYYY,258,259
G_R_,GGRR,333,334
G_R_,GRWG,352,353
G_R_,GGRR,356,357
G_R_,YWW_,382,383
G_R_,_R__,405,406
G_R_,GWRG,411,412
G_R_,YYYY,420,421
G_R_,YWW_,431,432
G_R_,YYGG,459,460
G_R_,GYYY,464,465
G_R_,YWW_,546,547
G_R_,YYGG,577,578
G_R_,YWW_,622,623
G_R_,YWW_,637,638
G_R_,____brood,650,651
G_R_,YWW_,773,774
G_R_,YYGGmid,792,793
G_R_,____brood,809,810
G_R_,YYGG,833,834
G_R_,_R__,841,842
G_R_,YGWW,873,874
G_R_,YYGGmid,885,886
G_R_,WGGB,904,905
G_R_,WGGB,919,920
G_R_,Q,970,971
G_R_,WGWB,1000,1001
G_R_,GR_Y2,1081,1082
G_R_,____pale,1156,1157
G_R_,_WYW,1160,1161
G_R_,YYGW,1298,1299
G_R_,WGGB,1314,1315
G_R_,WRWR,1320,1321
G_R_,WG_R,1331,1332
G_R_,_R__,1353,1354
G_R_,____bm,1360,1361
GRWG,WRR_,5,6
GRWG,G_R_,14,15
GRWG,WRR_,19,20
GRWG,WG_R,28,29
GRWG,G_R_,35,36
GRWG,GWRG,59,60
GRWG,WRBB,79,80
GRWG,Y_WY,93,94
GRWG,YYGGmid,94,95
GRWG,Y_WY,105,106
GRWG,YWW_,144,145
GRWG,__W_,153,154
GRWG,GGWY,190,191
GRWG,WRWR,210,211
GRWG,YWW_,247,248
GRWG,____brood,350,351
GRWG,WRR_,369,370
GRWG,_R__,414,415
GRWG,_R__,781,782
GRWG,____brood,793,794
GRWG,_R__,804,805
GRWG,_R__,823,824
GRWG,____brood,829,830
GRWG,GWRG,849,850
GRWG,WRRY,861,862
GRWG,WRRY,875,876
GRWG,_R__,880,881
GRWG,G_R_,890,891
GRWG,YGWW,897,898
GRWG,____pale,913,914
GRWG,YYGGmid,920,921
GRWG,G_R_,935,936
GRWG,WGGB,948,949
GRWG,WRWR,960,961
GRWG,Q,962,963
GRWG,YYRG,967,968
GRWG,____brood,974,975
GRWG,_R__,980,981
GRWG,WRRY,983,984
GRWG,____brood,985,986
GRWG,____brood,989,990
GRWG,WG_R,992,993
GRWG,____corner,1000,1001
GRWG,____corner,1240,1241
GRWG,____corner,1280,1281
GRWG,YYGGmid,1304,1305
GRWG,____corner,1306,1307
WRR_,GGRR,1,2
WRR_,GRWG,14,15
WRR_,G_R_,25,26
WRR_,GRWG,39,40
WRR_,GGRR,47,48
WRR_,WG_R,95,96
WRR_,GGRR,97,98
WRR_,GGRR,265,266
WRR_,GGRR,270,271
WRR_,GRWG,369,370
WRR_,GGRR,378,379
WRR_,YGWW,521,522
WRR_,YGWW,528,529
WRR_,G_GW,533,534
WRR_,G_GW,543,544
WRR_,YYGGmid,557,558
WRR_,Y_WY,563,564
WRR_,GR_Y2,570,571
WRR_,GGRR,572,573
WRR_,GGRR,580,581
WRR_,YWGW,584,585
WRR_,G_GW,590,591
WRR_,GGRR,595,596
WRR_,G_GW,601,602
WRR_,G_GW,617,618
GGRR,WRR_,4,5
GGRR,YWGW,6,7
GGRR,GRWG,11,12
GGRR,WRR_,15,16
GGRR,GRWG,20,21
GGRR,WG_R,23,24
GGRR,WG_R,34,35
GGRR,____topleft,41,42
GGRR,WRR_,47,48
GGRR,YWGW,64,65
GGRR,G_GW,66,67
GGRR,WRR_,74,75
GGRR,WRR_,80,81
GGRR,YYGGmid,90,91
GGRR,Y_WY,174,175
GGRR,Y_WY,185,186
GGRR,YWGW,190,191
GGRR,WRR_,267,268
GGRR,Y_WY,280,281
GGRR,Y_WY,348,349
GGRR,YYGGmid,360,361
GGRR,YWGW,375,376
GGRR,WRR_,379,380
GGRR,____topleft,390,391
GGRR,YWW_,401,402
GGRR,WRBB,413,414
GGRR,GR__,424,425
GGRR,GR_Y2,425,426
GGRR,G_W_,434,435
GGRR,_WGG,437,438
GGRR,G_GW,443,444
GGRR,YGWW,462,463
GGRR,YGWW,468,469
GGRR,YWWW,474,475
GGRR,_W__,567,568
GGRR,WRR_,572,573
GGRR,WRR_,587,588
GGRR,WRR_,596,597
GGRR,WRR_,607,608
GGRR,WRR_,619,620
GGRR,Y_WY,692,693
GGRR,Y_WY,699,700
GGRR,Y_WY,805,806
GGRR,Y_WY,827,828
GGRR,WG_R,844,845
GGRR,Y_WY,853,854
GGRR,YY_W,868,869
GGRR,Y_WY,877,878
GGRR,Y_WY,889,890
GGRR,WG_R,904,905
GGRR,_W__,911,912
GGRR,Y_WY,926,927
GGRR,_W__,940,941
GGRR,G_GW,1017,1018
GGRR,Y__W,1034,1035
GGRR,G_GW,1060,1061
GGRR,G_GW,1072,1073
GGRR,_W__,1081,1082
GGRR,_W__,1120,1121
GGRR,_W__,1148,1149
GGRR,YYGGmid,1167,1168
GGRR,____topleft,1233,1234
GGRR,____topleft,1290,1291
GGRR,WWBG,1316,1317
GGRR,Y__W,1350,1351
GGRR,G_GW,1375,1376
G_GW,YWGW,28,29
G_GW,WG_R,44,45
G_GW,Y__W,53,54
G_GW,YWGW,127,128
G_GW,Y__W,134,135
G_GW,YWGW,154,155
G_GW,____topleft,283,284
G_GW,Y__W,294,295
G_GW,Y__W,360,361
G_GW,YGWW,361,362
G_GW,Y__W,372,373
G_GW,Y__W,405,406
G_GW,Y__W,448,449
G_GW,YY_W,466,467
G_GW,GGRR,497,498
G_GW,_W__,502,503
G_GW,YGWW,509,510
G_GW,YGWW,518,519
G_GW,WRR_,530,531
G_GW,WRR_,586,587
G_GW,WRR_,603,604
G_GW,WRR_,617,618
G_GW,_W__,861,862
G_GW,YWGW,873,874
G_GW,_W__,897,898
G_GW,YWGW,920,921
G_GW,YY_W,993,994
G_GW,Y__W,1033,1034
G_GW,Y__W,1044,1045
G_GW,GGRR,1063,1064
G_GW,GGRR,1074,1075
G_GW,YWGW,1127,1128
G_GW,WWBG,1197,1198
G_GW,YWGW,1208,1209
G_GW,WWBG,1211,1212
G_GW,_W__,1220,1221
G_GW,_R__,1274,1275
G_GW,_WGG,1295,1296
G_GW,GGRR,1309,1310
G_GW,____topleft,1374,1375
Y__W,G_GW,448,449
Y__W,G_GW,1044,1045
YYGGmid,Y_WY,13,14
YYGGmid,G_GW,29,30
YYGGmid,G_R_,37,38
YYGGmid,WG_R,40,41
YYGGmid,WRBB,56,57
YYGGmid,Y_WY,66,67
YYGGmid,GRWG,79,80
YYGGmid,WRBB,110,111
YYGGmid,WRBB,223,224
YYGGmid,WRBB,411,412
YYGGmid,WRR_,557,558
YYGGmid,WRBB,580,581
YYGGmid,WRBB,585,586
YYGGmid,WRWR,737,738
YYGGmid,GGRR,797,798
YYGGmid,WRWR,818,819
YYGGmid,WRRY,821,822
YYGGmid,GGRR,854,855
YYGGmid,WGWB,869,870
YYGGmid,WRBB,878,879
YYGGmid,WG_R,918,919
YYGGmid,GRWG,924,925
YYGGmid,WG_R,951,952
YYGGmid,WG_R,960,961
YYGGmid,WGGB,1031,1032
YYGGmid,Y_WY,1140,1141
YYGGmid,YY_W,1147,1148
YYGGmid,_W__,1152,1153
YYGGmid,YWGW,1184,1185
YYGGmid,WG_R,1197,1198
YYGGmid,_WGG,1204,1205
YYGGmid,_W__,1242,1243
YYGGmid,YWGW,1261,1262
YYGGmid,_WGG,1285,1286
YYGGmid,WRR_,1340,1341
YYGGmid,GWRG,1366,1367
YYGGmid,GWRG,1373,1374
YYGGmid,__W_,1438,1439
Y_WY,WRBB,0,1
Y_WY,YYGGmid,7,8
Y_WY,WRBB,18,19
Y_WY,WRBB,38,39
Y_WY,WRBB,50,51
Y_WY,GRWG,102,103
Y_WY,YWGW,170,171
Y_WY,GGRR,186,187
Y_WY,WG_R,191,192
Y_WY,WG_R,216,217
Y_WY,WG_R,229,230
Y_WY,YWGW,304,305
Y_WY,GGRR,351,352
Y_WY,____topleft,358,359
Y_WY,GR__,412,413
Y_WY,GGRR,453,454
Y_WY,GR__,464,465
Y_WY,YGWW,473,474
Y_WY,WG_R,523,524
Y_WY,WRBB,526,527
Y_WY,____pale,567,568
Y_WY,YGWW,672,673
Y_WY,WG_R,688,689
Y_WY,GGRR,702,703
Y_WY,WG_R,727,728
Y_WY,_W__,803,804
Y_WY,GGRR,807,808
Y_WY,GGRR,854,855
Y_WY,_W__,860,861
Y_WY,GGRR,881,882
Y_WY,WG_R,882,883
Y_WY,WRBB,900,901
Y_WY,WG_R,914,915
Y_WY,GGRR,928,929
Y_WY,_W__,980,981
Y_WY,WG_R,997,998
Y_WY,WG_R,1076,1077
Y_WY,WG_R,1110,1111
Y_WY,_W__,1179,1180
Y_WY,____topleft,1211,1212
Y_WY,WG_R,1230,1231
Y_WY,WG_R,1258,1259
Y_WY,WG_R,1315,1316
Y_WY,WG_R,1383,1384
WRBB,Y_WY,0,1
WRBB,Y_WY,24,25
WRBB,Y_WY,35,36
WRBB,YYGGmid,517,518
WRBB,YYGGmid,578,579
WRBB,YYGGmid,580,581
WRBB,YYGGmid,715,716
WRBB,YWWW,722,723
WRBB,WGGB,826,827
WRBB,WG_R,868,869
WRBB,WG_R,870,871
WRBB,____corner,910,911
WRBB,____corner,965,966
WRBB,GR__,1013,1014
WRBB,GR_Y2,1081,1082
WRBB,GR_Y2,1104,1105
WRBB,_WGG,1122,1123
WRBB,WYGG,1154,1155
WRBB,WYGG,1264,1265
WRBB,WGBB,1266,1267
WRBB,WGBB,1305,1306
WRBB,RWWG,1314,1315
WRBB,WBGW,1324,1325
WRBB,RWWG,1327,1328
WRBB,GR__,1364,1365
__W_,GRWG,151,152
__W_,____topleft,155,156
__W_,WRBB,168,169
__W_,_W__,230,231
__W_,_W__,264,265
__W_,WG_R,374,375
__W_,WG_R,430,431
__W_,YYGGmid,505,506
__W_,Y_WY,528,529
__W_,YGWW,546,547
__W_,WRR_,558,559
__W_,GGRR,575,576
__W_,GGRR,596,597
__W_,YGWW,622,623
__W_,GGRR,631,632
__W_,YGWW,634,635
__W_,YGWW,646,647
__W_,_W__,831,832
__W_,_W__,841,842
__W_,_R__,860,861
__W_,YY_W,990,991
__W_,Q,1183,1184
__W_,Q,1190,1191
__W_,Q,1200,1201
__W_,GGWY,1201,1202
__W_,_R__,1219,1220
__W_,Q,1233,1234
__W_,WRRY,1400,1401
__W_,WRRY,1425,1426
GGWY,YYGG,35,36
GGWY,GRWG,190,191
GGWY,GRWG,192,193
GGWY,WRWR,875,876
GGWY,_WWY,908,909
GGWY,GG_W,960,961
GGWY,YYGG,975,976
GGWY,YYGG,980,981
GGWY,GGWW,1008,1009
GGWY,GGRY,1015,1016
GGWY,GG_W,1024,1025
GGWY,WRRY,1026,1027
GGWY,GBGR,1033,1034
GGWY,GWRG,1040,1041
GGWY,GWRG,1047,1048
GGWY,GWRG,1052,1053
GGWY,YYRB,1055,1056
GGWY,GBGR,1060,1061
GGWY,WRRY,1066,1067
GGWY,Q,1074,1075
GGWY,WRRY,1077,1078
GGWY,Q,1086,1087
GGWY,W___,1092,1093
GGWY,YYGG,1095,1096
GGWY,GGWW,1113,1114
GGWY,YYWR,1118,1119
GGWY,YYGG,1125,1126
GGWY,_WWW,1158,1159
GGWY,YY_R,1167,1168
GGWY,_WYW,1170,1171
GGWY,__W_,1200,1201
GGWY,Q,1213,1214
GGWY,WGWB,1225,1226
GGWY,_W__,1231,1232
GGWY,GGRR,1232,1233
GGWY,WGBB,1241,1242
GGWY,____almost,1249,1250
GGWY,_W_Y,1267,1268
GGWY,_W_Y,1339,1340
GGWY,RWWG,1365,1366
GGWY,_WYW,1411,1412
GGWY,_WYW,1434,1435
GGWY,____topright,1435,1436
G_W_,YY_W,40,41
G_W_,YY_W,68,69
G_W_,YY_W,99,100
G_W_,YY_W,251,252
G_W_,WBGW,312,313
G_W_,WBGW,477,478
G_W_,GR__,601,602
G_W_,GR__,813,814
G_W_,WBGW,1239,1240
G_W_,WBGW,1245,1246
G_W_,WBGW,1327,1328
G_W_,WBGW,1360,1361
G_W_,WRBB,1362,1363
G_W_,GR__,1377,1378
G_W_,GGWY,1393,1394
G_W_,_W_Y,1407,1408
WBGW,G_W_,44,45
WBGW,G_W_,102,103
WBGW,G_W_,333,334
WBGW,YY_W,954,955
WBGW,WYGG,998,999
WBGW,_WGG,1042,1043
WBGW,____almost,1120,1121
WBGW,G_W_,1230,1231
WBGW,G_W_,1245,1246
WBGW,G_W_,1248,1249
WBGW,WRBB,1367,1368
YY_W,G_W_,5,6
YY_W,G_W_,83,84
YY_W,G_W_,147,148
YY_W,G_W_,248,249
YY_W,G_W_,389,390
YY_W,G_W_,638,639
YY_W,G_W_,720,721
YY_W,G_W_,773,774
YY_W,G_W_,854,855
YY_W,G_W_,905,906
YY_W,GR__,954,955
YY_W,WRBB,967,968
YY_W,WG_R,979,980
YY_W,YYGGmid,981,982
YY_W,G_GW,995,996
YY_W,GYYY,1011,1012
YY_W,_RYG,1015,1016
YY_W,G___small,1024,1025
YY_W,G___big,1027,1028
YY_W,GGWY,1156,1157
YY_W,GGWY,1333,1334
YY_W,GGWY,1438,1439
GR__,Y_WY,415,416
GR__,GGRR,436,437
GR__,Y_WY,448,449
GR__,Y_WY,464,465
GR__,_WGG,480,481
GR__,G_GW,491,492
GR__,WRR_,572,573
GR__,G_W_,578,579
GR__,G_W_,587,588
GR__,G_W_,960,961
GR__,_WGG,1082,1083
GR__,_WGG,1088,1089
GR__,_WGG,1103,1104
GR__,WRBB,1164,1165
GR__,WRBB,1170,1171
GR__,WRBB,1290,1291
GR__,WYGG,1304,1305
GR__,_W__,1310,1311
GR__,WRBB,1317,1318
GR__,G_W_,1335,1336
GR__,WRBB,1365,1366
GR__,G_W_,1370,1371
GR__,G_W_,1386,1387
GR__,Y_WY,1410,1411
GR__,WG_R,1418,1419
YGWW,WG_R,68,69
YGWW,WG_R,71,72
YGWW,WG_R,87,88
YGWW,WG_R,97,98
YGWW,WG_R,109,110
YGWW,WG_R,154,155
YGWW,GR__,212,213
YGWW,GR__,227,228
YGWW,GR__,270,271
YGWW,WG_R,349,350
YGWW,G_GW,359,360
YGWW,Y_WY,369,370
YGWW,WG_R,374,375
YGWW,_W__,422,423
YGWW,_W__,428,429
YGWW,WG_R,437,438
YGWW,YWGW,451,452
YGWW,G_GW,455,456
YGWW,_W__,461,462
YGWW,_W__,467,468
YGWW,_W__,484,485
YGWW,YWGW,500,501
YGWW,WRR_,522,523
YGWW,YWGW,534,535
YGWW,WG_R,541,542
YGWW,YYGGmid,545,546
YGWW,GGRR,548,549
YGWW,__W_,622,623
YGWW,__W_,632,633
YGWW,YYGGmid,651,652
YGWW,YYGGmid,660,661
YGWW,Y_WY,671,672
YGWW,Y_WY,737,738
YGWW,__W_,740,741
YGWW,GGRR,741,742
YGWW,_W__,845,846
YGWW,____corner,937,938
YGWW,_WWY,1066,1067
YGWW,G_GW,1149,1150
YGWW,YWGW,1167,1168
YGWW,RWGY,1187,1188
YGWW,Y_WY,1200,1201
YGWW,Q,1204,1205
YGWW,_R__,1220,1221
YGWW,____bm,1240,1241
YGWW,_R__,1246,1247
YGWW,RWGY,1255,1256
YGWW,GRBR,1274,1275
YGWW,GGRY,1284,1285
YGWW,_Y__,1296,1297
YGWW,__BB,1300,1301
YGWW,____right,1315,1316
YGWW,__BB,1346,1347
YGWW,__BB,1370,1371
YGWW,_Y__,1374,1375
YGWW,_WYG,1377,1378
YGWW,_WYG,1382,1383
YGWW,_WYG,1391,1392
YGWW,W___,1407,1408
YGWW,YYRB,1413,1414
YGWW,GGWY,1422,1423
YGWW,YYRB,1432,1433
YGWW,_W__,1438,1439
GR_Y,____topleft,140,141
GR_Y,_W__,144,145
GR_Y,____topleft,156,157
GR_Y,WG_R,170,171
GR_Y,____pale,200,201
GR_Y,____pale,243,244
GR_Y,GGRR,426,427
GR_Y,____pale,530,531
GR_Y,GR__,553,554
GR_Y,____pale,584,585
GR_Y,WG_R,595,596
GR_Y,WG_R,609,610
GR_Y,WG_R,624,625
GR_Y,GR__,676,677
GR_Y,WG_R,865,866
GR_Y,WBGW,912,913
GR_Y,RWGY,963,964
GR_Y,WGBB,1072,1073
GR_Y,WRBB,1082,1083
GR_Y,WRBB,1097,1098
GR_Y,WRBB,1105,1106
GR_Y,GGWY,1242,1243
GR_Y,WYGG,1290,1291
____pale,WGBB,206,207
____pale,Y_WY,568,569
____pale,WGBB,623,624
____pale,Y_WY,630,631
____pale,WRBB,724,725
____pale,WGWB,873,874
____pale,____corner,912,913
____pale,_WWY,927,928
____pale,_WWY,945,946
____pale,WRRY,954,955
____pale,YYGG,975,976
____pale,GGWY,997,998
____pale,_R__,1025,1026
____pale,Q,1032,1033
____pale,Q,1034,1035
____pale,Q,1070,1071
____pale,GG_W,1113,1114
____pale,GGWW,1123,1124
____pale,RWGY,1145,1146
____pale,_WYW,1153,1154
____pale,_R__,1158,1159
____pale,GR_Y2,1162,1163
____pale,_W__,1176,1177
____pale,YYRB,1182,1183
____pale,GBGR,1186,1187
____pale,GGRY,1210,1211
____pale,GBGW,1213,1214
____pale,WBYG,1238,1239
____pale,GGRY,1242,1243
____pale,YYWR,1248,1249
____pale,GGRY,1258,1259
____pale,YYWR,1275,1276
____pale,YYWR,1286,1287
____pale,GGRY,1294,1295
____pale,YYWR,1309,1310
____pale,GGRY,1332,1333
____pale,YYWR,1354,1355
____pale,____bot,1358,1359
_WGG,WYGG,913,914
_WGG,WBGW,914,915
_WGG,RWGY,979,980
_WGG,WYGG,990,991
_WGG,WRBB,995,996
_WGG,RWGY,1000,1001
_WGG,RWGY,1008,1009
_WGG,WYGG,1013,1014
_WGG,WYGG,1016,1017
_WGG,GR__,1022,1023
_WGG,WYGG,1040,1041
_WGG,RWWG,1042,1043
_WGG,WYGG,1046,1047
_WGG,____topright,1049,1050
_WGG,WGBB,1077,1078
_WGG,GR__,1080,1081
_WGG,GR__,1086,1087
_WGG,Y_WY,1089,1090
_WGG,Y_WY,1094,1095
_WGG,WG_R,1106,1107
_WGG,Y_WY,1109,1110
_WGG,____topleft,1118,1119
_WGG,WRBB,1122,1123
_WGG,G_W_,1157,1158
_WGG,G_W_,1167,1168
_WGG,YYGGmid,1200,1201
_WGG,Y_WY,1206,1207
_WGG,YYGGmid,1226,1227
_WGG,YYGGmid,1235,1236
_WGG,_W__,1240,1241
_WGG,WG_R,1261,1262
_WGG,____topleft,1272,1273
_WGG,G_GW,1287,1288
_WGG,GBGR,1373,1374
WYGG,WGWB,897,898
WYGG,_WGG,913,914
WYGG,____almost,934,935
WYGG,WBGW,949,950
WYGG,____almost,989,990
WYGG,WBGW,991,992
WYGG,_WGG,998,999
WYGG,RWGY,1000,1001
WYGG,_WGG,1013,1014
WYGG,____almost,1029,1030
WYGG,RWGY,1033,1034
WYGG,RWGY,1044,1045
WYGG,WGWB,1051,1052
WYGG,GGW_,1063,1064
WYGG,YYGW,1068,1069
WYGG,GGW_,1110,1111
WYGG,GGGG,1123,1124
WYGG,RWGY,1137,1138
WYGG,RWGY,1148,1149
WYGG,WRBB,1095,1096
WYGG,WRBB,1170,1171
WYGG,GR__,1301,1302
WYGG,_W__,1388,1389
WYGG,YYGGmid,1396,1397
WYGG,G_W_,1406,1407
____topright,____almost,985,986
____topright,____almost,1054,1055
____topright,_W_Y,1269,1270
____topright,_W_Y,1280,1281
____topright,_W_Y,1324,1325
____topright,_W_Y,1345,1346
____topright,____almost,1412,1413
____almost,GGW_,999,1000
____almost,RWWG,1026,1027
____almost,GGW_,1030,1031
____almost,RWWG,1034,1035
____almost,RWWG,1039,1040
____almost,RWWG,1046,1047
____almost,WYGG,1050,1051
____almost,WGWB,1057,1058
____almost,YYGW,1064,1065
____almost,WGBB,1075,1076
____almost,____topright,1109,1110
____almost,WBGW,1114,1115
____almost,WBGW,1224,1225
____almost,RWWG,1231,1232
____almost,RWWG,1250,1251
____almost,GGWY,1258,1259
____almost,_W_Y,1267,1268
____almost,_W_Y,1275,1276
____almost,GGWY,1298,1299
____almost,_W_Y,1342,1343
____almost,RWWG,1360,1361
____almost,____topright,1419,1420
____almost,_WYW,1432,1433
RWGY,WGBB,931,932
RWGY,WGBB,945,946
RWGY,WRBB,966,967
RWGY,_WGG,989,990
RWGY,_WGG,992,993
RWGY,WYGG,1000,1001
RWGY,RWWG,1004,1005
RWGY,WGWB,1010,1011
RWGY,WGWB,1025,1026
RWGY,WGGB,1098,1099
RWGY,WGGB,1105,1106
RWGY,G_R_,1154,1155
RWGY,WG_R,1160,1161
RWGY,_R__,1165,1166
RWGY,GR_Y2,1175,1176
RWGY,WRWR,1197,1198
RWGY,Q,1308,1309
RWWG,GGYW,1019,1020
RWWG,GGGG,1027,1028
RWWG,____almost,1033,1034
RWWG,____almost,1040,1041
RWWG,GGGG,1057,1058
RWWG,GGGG,1062,1063
RWWG,____almost,1080,1081
RWWG,GGGG,1114,1115
RWWG,____almost,1229,1230
RWWG,____almost,1250,1251
RWWG,YYGG,1256,1257
RWWG,WRBB,1312,1313
RWWG,WRBB,1328,1329
RWWG,_W_Y,1362,1363
RWWG,_W_Y,1370,1371
RWWG,WGBB,1401,1402
RWWG,GGGG,1412,1413
RWWG,_WYW,1417,1418
RWWG,G___,1426,1427
RWWG,WGBB,1438,1439
GGW_,____almost,993,994
GGW_,____topright,1030,1031
GGW_,YYGW,1041,1042
GGW_,YYGW,1053,1054
GGW_,WYGG,1070,1071
GGW_,GGGG,1078,1079
GGW_,GGGG,1081,1082
GGW_,YYGW,1104,1105
GGW_,_W_Y,1206,1207
GGW_,YYGW,1210,1211
GGW_,GBG_,1213,1214
GGW_,GBG_,1222,1223
GGW_,_WYW,1230,1231
GGW_,WBGG,1238,1239
GGW_,WBGG,1265,1266
GGW_,WBGG,1279,1280
GGW_,GBG_,1342,1343
GGW_,YY_R,1357,1358
YYGW,GGW_,1034,1035
YYGW,GGW_,1041,1042
YYGW,____almost,1045,1046
YYGW,GGGG,1050,1051
YYGW,GGGG,1054,1055
YYGW,GGW_,1057,1058
YYGW,_WYW,1085,1086
YYGW,WBGW,1106,1107
YYGW,G___,1164,1165
YYGW,G_R_,1295,1296
YYGW,WGBB,1304,1305
YYGW,GGW_,1307,1308
YYGW,WBGG,1318,1319
YYGW,GGW_,1324,1325
YYGW,_WYW,1341,1342
YYGW,_WYW,1351,1352
YYGW,GGGG,1417,1418
YYGW,GGGG,1435,1436
GGGG,GGW_,1046,1047
GGGG,GGYW,1052,1053
GGGG,YYGW,1057,1058
GGGG,RWWG,1062,1063
GGGG,GGYW,1070,1071
GGGG,GGW_,1079,1080
GGGG,GGWY,1262,1263
GGGG,_WYW,1359,1360
GGGG,_WYW,1368,1369
GGGG,_W_Y,1392,1393
GGGG,RWWG,1418,1419
GGGG,RWWG,1425,1426
GGYW,WGBB,1032,1033
GGYW,WGWB,1064,1065
GGYW,WGWB,1252,1253
GGYW,WGWB,1262,1263
GGYW,WGBB,1278,1279
GGYW,WGWB,1290,1291
GGYW,WBGG,1308,1309
GGYW,G___,1393,1394
GGYW,WGWB,1415,1416
WGBB,GGYW,942,943
WGBB,GGYW,952,953
WGBB,WGWB,1065,1066
WGBB,GR_Y2,1070,1071
WGBB,WRBB,1072,1073
WGBB,WGWB,1106,1107
WGBB,WGWB,1201,1202
WGBB,GGYW,1216,1217
WGBB,WYGG,1240,1241
WGBB,WYGG,1306,1307
WGBB,GGWY,1315,1316
_WYW,GGYW,1085,1086
_WYW,YYGW,1095,1096
_WYW,WGBB,1121,1122
_WYW,WGGB,1130,1131
_WYW,_R__,1148,1149
_WYW,____pale,1151,1152
_WYW,____pale,1154,1155
_WYW,WRWR,1159,1160
_WYW,GGWY,1170,1171
_WYW,G___,1200,1201
_WYW,GBG_,1215,1216
_WYW,GGW_,1228,1229
_WYW,WBGW,1303,1304
_WYW,YYGW,1343,1344
_WYW,YYGW,1351,1352
_WYW,GGGG,1360,1361
_WYW,____almost,1402,1403
_WYW,RWWG,1406,1407
_WYW,G___,1425,1426
_WYW,____almost,1434,1435
_W__,____topleft,155,156
_W__,____topleft,170,171
_W__,WG_R,192,193
_W__,__W_,260,261
_W__,WG_R,366,367
_W__,WG_R,372,373
_W__,YGWW,395,396
_W__,YGWW,407,408
_W__,YWGW,414,415
_W__,____topleft,420,421
_W__,GGRR,566,567
_W__,Y__W,1010,1011
_W__,____topleft,1031,1032
_W__,YWGW,1055,1056
_W__,YWGW,1063,1064
_W__,Y__W,1116,1117
_W__,Y_WY,1136,1137
_W__,Y_WY,1149,1150
_W__,GR__,1152,1153
_W__,_WGG,1160,1161
_W__,Y_WY,1180,1181
_W__,Y_WY,1210,1211
_W__,WG_R,1225,1226
_W__,YYGW,1226,1227
_W__,YYGW,1230,1231
_W__,YYGW,1228,1229
_W__,_WGG,1254,1255
_W__,G_W_,1262,1263
_W__,GR__,1308,1309
_W__,GGRR,1353,1354
_W__,GR__,1380,1381
_W__,WYGG,1388,1389
_W__,Y_WY,1393,1394
_W__,GR__,1395,1396
_W__,GR__,1409,1410
WGGB,_WWY,734,735
WGGB,WRBB,826,827
WGGB,____pale,845,846
WGGB,WGWB,882,883
WGGB,GR_Y2,931,932
WGGB,GGRR,942,943
WGGB,____pale,947,948
WGGB,YYGGmid,970,971
WGGB,_WWY,1002,1003
WGGB,_WWY,1018,1019
WGGB,GR_Y2,1026,1027
WGGB,YYGGmid,1032,1033
WGGB,GGRR,1095,1096
WGGB,RWGY,1098,1099
WGGB,YYGGmid,1114,1115
WGGB,_WYW,1132,1133
WGGB,GR_Y2,1183,1184
WGGB,WGWB,1197,1198
WGGB,WGBB,1198,1199
WGGB,GR_Y2,1244,1245
WGGB,GGRR,1274,1275
WGGB,GGRR,1310,1311
WGGB,WRWR,1411,1412
_WWY,YWWW,696,697
_WWY,WGGB,734,735
_WWY,Q,738,739
_WWY,GRGY,833,834
_WWY,YY_R,841,842
_WWY,GRGY,870,871
_WWY,GGWW,884,885
_WWY,WRWR,895,896
_WWY,____corner,914,915
_WWY,GRWG,950,951
_WWY,WGGB,994,995
_WWY,WGGB,1005,1006
_WWY,_WYW,1018,1019
_WWY,_R__,1026,1027
_WWY,_R__,1031,1032
_WWY,YGWW,1039,1040
_WWY,YGWW,1050,1051
_WWY,____corner,1063,1064
_WWY,_R__,1079,1080
_WWY,WRRY,1081,1082
_WWY,YWW_,1084,1085
_WWY,WRRY,1091,1092
_WWY,__W_,1110,1111
_WWY,YWW_,1173,1174
_WWY,WRRY,1234,1235
_WWY,YYYY,1262,1263
_WWY,G___small,1342,1343
_WWY,WBGG,1410,1411
YWWW,WRBB,716,717
YWWW,____pale,760,761
YWWW,YYGGmid,783,784
YWWW,YYGGmid,789,790
YWWW,YYGGmid,808,809
YWWW,WRRY,809,810
YWWW,____pale,818,819
YWWW,GGRR,829,830
YWWW,__W_,831,832
YWWW,Y_WY,857,858
YWWW,G_GW,862,863
YWWW,GGRR,922,923
YWWW,____corner,939,940
YWWW,_WWY,1022,1023
YWWW,_WYW,1054,1055
YWWW,_WWY,1114,1115
YWWW,__W_,1120,1121
YWWW,YWGW,1150,1151
YWWW,YWGW,1165,1166
Q,G___,945,946
Q,G___,980,981
Q,GR_Y2,990,991
Q,G___,1000,1001
Q,YY_R,1005,1006
Q,Y___,1014,1015
Q,GGWW,1027,1028
Q,____pale,1037,1038
Q,GGWW,1063,1064
Q,GG_W,1069,1070
Q,GGWY,1074,1075
Q,WRRY,1077,1078
Q,GR_Y2,1079,1080
Q,_R__,1084,1085
Q,_WYW,1090,1091
Q,WRRY,1159,1160
Q,YGWW,1172,1173
Q,WWBG,1178,1179
Q,_WYW,1184,1185
Q,_R__,1191,1192
Q,YGWW,1203,1204
Q,_WYW,1206,1207
Q,GGWY,1215,1216
Q,WRRY,1256,1257
Q,WRWR,1283,1284
Q,_R__,1286,1287
Q,RWGY,1306,1307
Q,GGWW,1321,1322
Q,YY_R,1348,1349
Q,YY_R,1355,1356
G___,Q,944,945
G___,GRGY,974,975
G___,Q,982,983
G___,GRGY,1137,1138
G___,YYGW,1197,1198
G___,YYGG,1201,1202
G___,YYGW,1206,1207
G___,GRGY,1216,1217
G___,GRGY,1330,1331
G___,WBGG,1334,1335
GBG_,YYGW,1102,1103
GBG_,YYGW,1108,1109
GBG_,GG_W,1156,1157
GBG_,WBGG,1179,1180
GBG_,YYGW,1207,1208
GBG_,YYGW,1219,1220
GBG_,GG_W,1222,1223
GBG_,GG_W,1226,1227
GBG_,WGWB,1236,1237
GBG_,WGWB,1250,1251
GBG_,WGWB,1305,1306
GBG_,WGWB,1325,1326
GBG_,YYGW,1360,1361
_W_Y,WBGG,941,942
_W_Y,WBGG,954,955
_W_Y,WBGG,1037,1038
_W_Y,WBGG,1070,1071
_W_Y,GGGR,1074,1075
_W_Y,YY_R,1078,1079
_W_Y,WBGG,1085,1086
_W_Y,____right,1110,1111
_W_Y,WBGG,1138,1139
_W_Y,GG_W,1205,1206
_W_Y,RWWG,1263,1264
_W_Y,____almost,1266,1267
_W_Y,WBGW,1273,1274
_W_Y,____topright,1295,1296
_W_Y,____topright,1338,1339
_W_Y,GGGG,1353,1354
_W_Y,RWWG,1363,1364
_W_Y,RWWG,1368,1369
_W_Y,____almost,1372,1373
_W_Y,GGGG,1387,1388
_W_Y,WYGG,1402,1403
_W_Y,GR__,1408,1409
_W_Y,____almost,1410,1411
_W_Y,GR__,1414,1415
_W_Y,WBGW,1426,1427
_W_Y,____topright,1433,1434
GR_Y2,YY_R,940,941
GR_Y2,Q,942,943
GR_Y2,YY_R,954,955
GR_Y2,Q,1000,1001
GR_Y2,WRWR,1015,1016
GR_Y2,_WWY,1022,1023
GR_Y2,WGGB,1026,1027
GR_Y2,____pale,1041,1042
GR_Y2,_R__,1070,1071
GR_Y2,Q,1078,1079
GR_Y2,Q,1084,1085
GR_Y2,_R__,1099,1100
GR_Y2,WGGB,1102,1103
GR_Y2,WGGB,1109,1110
GR_Y2,_WWY,1111,1112
GR_Y2,_R__,1176,1177
GR_Y2,____brood,1184,1185
GR_Y2,WRRY,1207,1208
GR_Y2,YY_R,1312,1313
GR_Y2,YGWY,1315,1316
GR_Y2,GBGW,1321,1322
GR_Y2,YGWY,1356,1357
GR_Y2,YYRB,1372,1373
GR_Y2,YYY_,1390,1391
GR_Y2,YYRB,1405,1406
GR_Y2,YGWW,1415,1416
GR_Y2,YGWY,1430,1431
GR_Y2,YGWW,1437,1438
Y___,YY_R,903,904
Y___,GR_Y2,909,910
Y___,YY_R,916,917
Y___,YYGGright,937,938
Y___,YY_R,947,948
Y___,GRWG,969,970
Y___,GGWY,1192,1193
Y___,Q,1339,1340
Y___,Q,1345,1346
Y___,Q,1435,1436
Y___,YY_R,1438,1439
YY_R,YYRG,840,841
YY_R,YYY_,916,917
YY_R,YYY_,932,933
YY_R,YYGGright,946,947
YY_R,GR_Y2,951,952
YY_R,GR_Y2,956,957
YY_R,GR_Y2,960,961
YY_R,YYGGright,1186,1187
YY_R,GBG_,1210,1211
YY_R,GR_Y2,1232,1233
YY_R,GR_Y2,1302,1303
YY_R,G___,1311,1312
YY_R,YYGGright,1404,1405
YY_R,Q,1409,1410
YY_R,Q,1430,1431
YY_R,Y___,1438,1439
GRGY,_WWY,763,764
GRGY,_WWY,813,814
GRGY,_WWY,835,836
GRGY,_WWY,870,871
GRGY,GRWG,958,959
GRGY,GRWG,970,971
GRGY,Q,1022,1023
GRGY,Q,1030,1031
GRGY,GGRR,1044,1045
GRGY,G___,1218,1219
GRGY,G___,1248,1249
GRGY,G___,1280,1281
GRGY,YY_R,1304,1305
GRGY,WBGG,1347,1348
GRGY,GGWW,1398,1399
GRGY,GGWW,1412,1413
GGWW,WGWB,856,857
GGWW,GRBR,870,871
GGWW,GG_W,884,885
GGWW,YY__,1041,1042
GGWW,YYGG,1046,1047
GGWW,YY__,1059,1060
GGWW,Q,1062,1063
GGWW,Q,1071,1072
GGWW,GG_W,1074,1075
GGWW,GG_W,1079,1080
GGWW,____pale,1122,1123
GGWW,_R__,1272,1273
GGWW,_R__,1278,1279
GGWW,Y___,1312,1313
GGWW,Q,1334,1335
GGWW,Q,1345,1346
GGWW,Q,1403,1404
GGWW,GRGY,1422,1423
GG_W,GGWW,869,870
GG_W,GGWW,885,886
GG_W,GGWY,963,964
GG_W,GGWY,969,970
GG_W,YYGG,976,977
GG_W,_R__,986,987
GG_W,GGRY,999,1000
GG_W,GGWY,1023,1024
GG_W,W___,1040,1041
GG_W,Q,1061,1062
GG_W,Q,1068,1069
GG_W,GGWW,1075,1076
GG_W,GGWW,1080,1081
GG_W,GRBR,1214,1215
GG_W,____brood,1222,1223
GG_W,GRBR,1241,1242
GG_W,RWGY,1260,1261
GG_W,RWGY,1280,1281
GG_W,_R__,1287,1288
GG_W,WRRY,1318,1319
GG_W,GWRG,1334,1335
GG_W,WRWR,1415,1416
GG_W,_R__,1438,1439
GRBR,____bm,815,816
GRBR,GGWW,871,872
GRBR,GGWW,1207,1208
GRBR,GG_W,1212,1213
GRBR,GG_W,1218,1219
GRBR,RWGY,1230,1231
GRBR,RWGY,1266,1267
GRBR,W___,1309,1310
GRBR,YY_R,1434,1435
YY__,WGWB,822,823
YY__,GRBR,862,863
YY__,_WYG,877,878
YY__,_WYG,887,888
YY__,_WYG,926,927
YY__,GGWW,1000,1001
YY__,GGWY,1018,1019
YY__,GGWW,1058,1059
YY__,GRBR,1076,1077
YY__,YYGGright,1089,1090
YY__,YYGGright,1100,1101
YY__,GYGG,1112,1113
YY__,_WYG,1128,1129
YY__,GYGG,1183,1184
YY__,_WYG,1240,1241
YY__,_WYG,1271,1272
YY__,_WYG,1333,1334
YY__,_WYG,1435,1436
_WYG,GG_W,824,825
_WYG,YY__,848,849
_WYG,YY__,889,890
_WYG,GGRY,1073,1074
_WYG,GGRY,1089,1090
_WYG,GGRY,1097,1098
_WYG,GYGG,1174,1175
_WYG,____bot,1181,1182
_WYG,YY__,1217,1218
_WYG,YGWW,1298,1299
_WYG,GGGR,1326,1327
_WYG,YY__,1336,1337
WBGG,GGW_,927,928
WBGG,_W_Y,940,941
WBGG,_W_Y,954,955
WBGG,____right,968,969
WBGG,_W_Y,1006,1007
WBGG,_W_Y,1070,1071
WBGG,_W_Y,1090,1091
WBGG,GGGR,1206,1207
WBGG,____right,1215,1216
WBGG,GGGR,1227,1228
WBGG,GGW_,1239,1240
WBGG,_WYW,1241,1242
WBGG,GGW_,1279,1280
WBGG,GBG_,1282,1283
WBGG,WGWB,1294,1295
WBGG,_WYW,1302,1303
WBGG,GGYW,1308,1309
WBGG,WGBB,1322,1323
WBGG,G___,1334,1335
WBGG,WRWR,1353,1354
WBGG,YYGGmid,1372,1373
WBGG,WRRY,1395,1396
WBGG,_WWY,1409,1410
WBGG,YYYY,1430,1431
WBGG,_WWY,1435,1436
____right,GGW_,875,876
____right,GGW_,905,906
____right,WBGG,975,976
____right,YYGGright,1040,1041
____right,GGGR,1081,1082
____right,WBGG,1219,1220
____right,YYGGright,1242,1243
____right,YYGGright,1326,1327
YYGGright,____right,863,864
YYGGright,GGGR,871,872
YYGGright,GGW_,880,881
YYGGright,GGW_,886,887
YYGGright,WBGG,985,986
YYGGright,GGGR,1005,1006
YYGGright,WBGG,1018,1019
YYGGright,GGW_,1045,1046
YYGGright,_WWW,1068,1069
YYGGright,__BB,1091,1092
YYGGright,_Y__,1100,1101
YYGGright,__BB,1102,1103
YYGGright,YY__,1119,1120
YYGGright,GGWY,1125,1126
YYGGright,_WWW,1146,1147
YYGGright,GGGR,1149,1150
YYGGright,GGWY,1183,1184
YYGGright,YY_R,1193,1194
YYGGright,GGGR,1240,1241
YYGGright,____right,1241,1242
YYGGright,WBGG,1279,1280
YYGGright,GGW_,1309,1310
YYGGright,____right,1363,1364
GRYY,Y___,941,942
GRYY,_WWW,975,976
GRYY,GGGR,999,1000
GRYY,GGGR,1062,1063
GRYY,Y___,1132,1133
GRYY,YYGGright,1138,1139
GRYY,Y___,1156,1157
GRYY,_WWW,1265,1266
GRYY,GGGR,1374,1375
GRYY,YY_R,1388,1389
GGGR,YYGGright,870,871
GGGR,GGW_,881,882
GGGR,WBGG,934,935
GGGR,WBGG,986,987
GGGR,GRYY,1001,1002
GGGR,YYGGright,1006,1007
GGGR,____right,1053,1054
GGGR,GRYY,1063,1064
GGGR,YYGGright,1197,1198
GGGR,GRYY,1264,1265
GGGR,_WWW,1288,1289
GGGR,_WYG,1323,1324
GGGR,_WYG,1326,1327
GGGR,GRYY,1381,1382
GGGR,YYRG,1425,1426
_WWW,GGGR,846,847
_WWW,GRYY,856,857
_WWW,YYGGright,949,950
_WWW,GRYY,965,966
_WWW,GGGR,977,978
_WWW,GYGG,1009,1010
_WWW,__BB,1018,1019
_WWW,YYGGright,1069,1070
_WWW,YY_R,1088,1089
_WWW,YYGGright,1147,1148
_WWW,GGWY,1157,1158
_WWW,YYGGright,1169,1170
_WWW,__BB,1224,1225
_WWW,GYGG,1229,1230
_WWW,Y___,1250,1251
_WWW,GYGG,1334,1335
_WWW,__BB,1349,1350
_WWW,GRYY,1378,1379
GYGG,GGW_,801,802
GYGG,____corner,820,821
GYGG,_Y__,848,849
GYGG,____corner,859,860
GYGG,__BB,883,884
GYGG,_Y__,886,887
GYGG,__BB,1008,1009
GYGG,GGW_,1038,1039
GYGG,YYGGmid,1079,1080
GYGG,YYWR,1102,1103
GYGG,YY__,1118,1119
GYGG,_WYG,1158,1159
GYGG,Y___,1173,1174
GYGG,YYGGmid,1192,1193
GYGG,Y___,1207,1208
GYGG,_WWW,1229,1230
GYGG,__BB,1238,1239
GYGG,__BB,1266,1267
GYGG,GGGR,1270,1271
GYGG,____right,1304,1305
GYGG,_WWW,1326,1327
GYGG,____right,1423,1424
____corner,YYRG,772,773
____corner,GYGG,781,782
____corner,GGW_,797,798
____corner,__BB,804,805
____corner,__BB,811,812
____corner,_WWW,821,822
____corner,_Y__,824,825
____corner,__BB,830,831
____corner,GYGG,845,846
____corner,_Y__,851,852
____corner,__BB,856,857
____corner,_Y__,865,866
____corner,____bm,869,870
____corner,_Y__,872,873
____corner,YGWY,885,886
____corner,GBGW,893,894
____corner,YYRB,896,897
____corner,GRWG,906,907
____corner,____pale,910,911
____corner,____topleft,934,935
____corner,YWGW,945,946
____corner,YWGW,1170,1171
____corner,GGRR,1366,1367
____corner,YWGW,1401,1402
__BB,YYRG,797,798
__BB,____corner,809,810
__BB,YYRG,811,812
__BB,____corner,813,814
__BB,GYGG,882,883
__BB,GYGG,1002,1003
__BB,_WWW,1016,1017
__BB,YYGGright,1101,1102
__BB,YYGGright,1109,1110
__BB,_Y__,1125,1126
__BB,GGWY,1150,1151
__BB,_WWW,1196,1197
__BB,GYGG,1269,1270
__BB,YGWW,1301,1302
__BB,YGWW,1347,1348
__BB,GYGG,1352,1353
____bm,WGWB,803,804
____bm,WGWB,807,808
____bm,__BB,808,809
____bm,GGW_,844,845
____bm,YYRG,848,849
____bm,_Y__,868,869
____bm,GRBR,873,874
____bm,YYRG,1001,1002
____bm,YYRG,1060,1061
____bm,GRBR,1095,1096
____bm,WRWR,1216,1217
____bm,WRWR,1224,1225
____bm,RWGY,1232,1233
____bm,_R__,1235,1236
____bm,YGWW,1237,1238
____bm,WG_R,1248,1249
____bm,WGGB,1259,1260
____bm,WG_R,1266,1267
____bm,Q,1270,1271
____bm,_WGG,1276,1277
____bm,YYGGmid,1279,1280
____bm,GGRR,1288,1289
____bm,WWBG,1311,1312
____bm,GGRR,1320,1321
____bm,YWGW,1329,1330
____bm,YWGW,1333,1334
____bm,____corner,1350,1351
____bm,YWGW,1360,1361
____bm,____corner,1380,1381
____bm,YWGW,1410,1411
____bm,YWGW,1417,1418
WGWB,YYRG,786,787
WGWB,YYRG,792,793
WGWB,__BB,795,796
WGWB,__BB,800,801
WGWB,____bm,804,805
WGWB,YY__,812,813
WGWB,GGW_,822,823
WGWB,__BB,843,844
WGWB,_Y__,845,846
WGWB,____corner,846,847
WGWB,____corner,850,851
WGWB,GRYY,851,852
WGWB,_WYW,856,857
WGWB,YYGGmid,863,864
WGWB,____pale,866,867
WGWB,WRBB,869,870
WGWB,____pale,876,877
WGWB,WGGB,881,882
WGWB,WBGW,891,892
WGWB,GR_Y2,910,911
WGWB,G_R_,997,998
WGWB,WGBB,1025,1026
WGWB,RWWG,1038,1039
WGWB,WYGG,1048,1049
WGWB,RWWG,1056,1057
WGWB,GGYW,1067,1068
WGWB,WGBB,1197,1198
WGWB,YYGW,1221,1222
WGWB,GBG_,1227,1228
WGWB,YYGW,1236,1237
WGWB,GGYW,1265,1266
WGWB,GBG_,1291,1292
WGWB,GGYW,1294,1295
WGWB,YYGW,1299,1300
WGWB,GBG_,1305,1306
YYRG,GGW_,773,774
YYRG,WGWB,789,790
YYRG,____corner,798,799
YYRG,GGW_,801,802
YYRG,_Y__,802,803
YYRG,____corner,811,812
YYRG,YY_R,838,839
YYRG,GRYY,860,861
YYRG,_WWW,878,879
YYRG,GRBR,923,924
YYRG,____bm,1002,1003
YYRG,GRYY,1114,1115
YYRG,GRYY,1140,1141
YYRG,_WWW,1256,1257
YYRG,GGGR,1335,1336
YYRG,GGGR,1414,1415
YYRG,GGGR,1426,1427
GGW_,YYRG,772,773
GGW_,____corner,779,780
GGW_,_Y__,782,783
GGW_,_Y__,793,794
GGW_,____corner,798,799
GGW_,_Y__,801,802
GGW_,YYRG,803,804
GGW_,YYRG,812,813
GGW_,_WYG,821,822
GGW_,_WYG,837,838
GGW_,YY__,842,843
GGW_,____bm,845,846
GGW_,_Y__,852,853
GGW_,GYGG,857,858
GGW_,____right,865,866
GGW_,GGGR,873,874
GGW_,YYGGright,879,880
GGW_,____right,882,883
GGW_,YYGGright,886,887
GGW_,WBGG,927,928
GGW_,GGGR,1000,1001
GGW_,GYGG,1020,1021
GGW_,GYGG,1037,1038
GGW_,_WYG,1054,1055
GGW_,YYWR,1080,1081
GGW_,GBGW,1102,1103
GGW_,YYRB,1115,1116
GGW_,YYY_,1126,1127
GGW_,YY_W,1156,1157
GGW_,G___big,1200,1201
GGW_,YY_W,1222,1223
GGW_,YY_W,1334,1335
_Y__,YYRG,785,786
_Y__,GGW_,794,795
_Y__,GGW_,802,803
_Y__,____corner,824,825
_Y__,WGWB,846,847
_Y__,GGW_,853,854
_Y__,GGW_,860,861
_Y__,GYGG,1038,1039
_Y__,GYGG,1053,1054
_Y__,YYGGright,1100,1101
_Y__,__BB,1126,1127
_Y__,YYGG,1157,1158
_Y__,YGWW,1296,1297
_Y__,_WYG,1307,1308
_Y__,YGWW,1374,1375
